Index,X,Y,Label
0,1.0883180784024142,1.8999241551433197,0
1,0.5055053000995784,1.9719830848119928,0
2,0.5209909957303118,2.0461955210872835,0
3,1.4422110718968293,0.76899760149737,0
4,-0.8668197071851669,1.0035802134923282,0
5,-0.5455769324255763,-1.277754384279517,0
6,1.0281589116008905,1.0261194742009279,0
7,1.6443155398211526,-1.5484229098580091,0
8,1.6103151608727708,-0.4260136787377838,0
9,2.2847659985449127,0.04259210397504676,0
10,-1.2446753145690719,-1.7190721350147442,0
11,-0.013177281066473145,1.5252732856849758,0
12,1.0018489110092592,1.6838788164835197,0
13,-0.9666234174414143,-1.68307239183836,0
14,1.757188815841056,-0.49546552487654516,0
15,1.040795501794718,-1.833992661269255,0
16,-1.4189120839428364,1.3397437627160858,0
17,-1.3023836205494186,0.491422324220037,0
18,2.1480272771583806,-0.08905801817377217,0
19,-1.2079171752064464,-1.8413339930359431,0
20,1.4822988924279792,1.542310288848881,0
21,0.5315544889456392,-1.7100237794801416,0
22,1.8557145082761817,-0.42827701438540833,0
23,-1.3474004457014095,0.9746351935657327,0
24,1.10468420852006,1.032761599520292,0
25,-1.1711979891263877,0.6704275000738257,0
26,-1.926571967746273,-0.4314878770853929,0
27,1.485245482519973,-1.056168702653897,0
28,1.0992455780091384,-1.3464077414318636,0
29,1.2169776800137997,-0.659372630197017,0
30,-0.34979689216796106,-1.6086724370148393,0
31,1.3792368029995807,-1.2498965454755175,0
32,0.3542773132472276,-1.7308978942726985,0
33,1.5625944931383837,0.1759788470053788,0
34,-1.362492738762087,0.42643380460938957,0
35,0.8031680778768885,-1.1229661340176789,0
36,-1.925991664707676,0.8555848195135667,0
37,-1.279465829189324,1.5347629208663334,0
38,1.0945686336782128,1.97046180784169,0
39,-1.645050398125604,-0.26782167078510866,0
40,1.3152040430976024,0.721315001733391,0
41,-1.1009098683956346,1.8856178883972539,0
42,0.2007246861391296,-1.293458799821879,0
43,1.6711628008082346,-0.38175385326641026,0
44,1.626809978143138,-1.5164423683390404,0
45,-1.3902618570201932,0.9365002480682884,0
46,-1.2257022150803163,-1.467572211371287,0
47,1.5363003317001294,-0.5186304986487761,0
48,1.253180044573392,0.35221725062344883,0
49,1.4323794192605896,-0.9874161085559999,0
50,1.240164506387246,-0.7123214878807296,0
51,-1.5678532133355094,0.5485994561403682,0
52,-1.7610906440544183,-1.4268339341580354,0
53,1.3211093172955317,-0.35710407261682575,0
54,1.8809727171216957,-0.7367957811574456,0
55,1.2682953825472687,0.301042988043101,0
56,-0.6929044039666357,-1.687345733993699,0
57,-0.9832375931765527,0.9753376533406283,0
58,0.8105900824101462,-1.6014309276843885,0
59,2.167157437909301,-0.38363849448177617,0
60,-1.2917045227939623,-0.8042652230765327,0
61,-1.1122847546954544,1.6871411765244757,0
62,-0.7188489104699674,1.0996678826082804,0
63,1.6979997440009402,0.26275517064576953,0
64,-1.8991188054209636,0.4667340956197197,0
65,-0.19013910917639013,-2.0346735594811367,0
66,-1.4101853860191749,0.720905938466906,0
67,-1.116456722778074,-1.3024176847432218,0
68,-1.9676066818156932,1.1840058308642407,0
69,1.8407555130563444,-0.7853353870830061,0
70,1.6941955735624905,-0.6513906097465098,0
71,-1.8699840259470473,-0.6513648380629142,0
72,-1.1412358790481252,-0.9491659397823994,0
73,-0.31119545002699517,1.573170862707763,0
74,1.1058444311453173,1.0706510644570086,0
75,1.1926537705182807,-1.9601065936023614,0
76,-1.6913385345824705,0.06359988216039666,0
77,0.6234283979260589,-1.3442093800648318,0
78,-1.354376040873442,1.1270272367059098,0
79,1.0480050729401522,1.3315337038154176,0
80,0.4912868229758719,1.7503854270646235,0
81,2.2227131354827487,0.5453159371522139,0
82,0.14928501659698273,-1.4945996048938615,0
83,-0.4652894920882193,1.7831874445689433,0
84,1.8306815130468728,-0.8174066112282432,0
85,-1.7658481412318443,0.22008790171672432,0
86,1.352765984660223,0.4934436750642927,0
87,0.6310194846986236,1.7924428614747805,0
88,-1.1964800380961986,0.817322343234023,0
89,-1.6772951394279367,-0.5702788490529408,0
90,1.7789248941505984,0.05672526608612002,0
91,-1.4164258973304873,-0.4232280600901171,0
92,1.406062953488153,0.031376119442286715,0
93,-0.07602642358592197,2.059080272546504,0
94,0.3941743715875258,-1.8374548964673671,0
95,-2.078559332888983,-0.6224355491144706,0
96,-0.8428003571444206,1.776866775173158,0
97,-1.4376457455517928,-0.9819624464907077,0
98,-1.0381083082444291,1.2155010342075112,0
99,0.42448868020215286,2.1643287800942455,0
100,0.6675652514042423,2.126622532331631,0
101,-1.6969514702287452,-1.2929120674573022,0
102,-2.1122637350528577,-0.5571745721572098,0
103,-1.704995089991199,-0.7459126576501025,0
104,-0.6046000421051101,-1.619921500137855,0
105,0.4619372225745982,1.3571009125536897,0
106,-0.40470972880073397,1.769739741707846,0
107,0.42637294788845614,1.3069186163128357,0
108,-1.0251036408325482,1.24211807399168,0
109,0.8885231161768095,-1.2548684741674418,0
110,0.2720323489175844,-1.427065331996263,0
111,1.7818229385189246,-0.9859165270991189,0
112,1.6372450029816061,1.1951383563183227,0
113,-1.1765811409342795,0.8879010635928396,0
114,-1.2455286321645054,0.8167936771843765,0
115,0.6437540182963903,-1.2487499186410063,0
116,-0.10658915049763182,2.037669921285024,0
117,2.2053603484624156,-0.13914165115596114,0
118,-1.356140496763919,1.4758192818308562,0
119,2.133704370143786,0.14172966830092096,0
120,-0.19935281601816374,2.0951180364827904,0
121,2.2784841779308533,-0.1352288534259265,0
122,0.6969825596642145,-1.8159957879084327,0
123,-1.2985744195671896,0.5351237208343583,0
124,1.8331837678877043,-0.7007988743025709,0
125,-0.21272253084821663,-1.6623549311738979,0
126,-1.904973301365472,0.95182708924247,0
127,-0.29218547382403753,2.0064855324816073,0
128,1.7815359644330107,-0.2495474017988609,0
129,-1.8548690266405747,-0.029540085185299946,0
130,-2.1776319407855182,0.11684768829407953,0
131,-0.36762899519768427,-1.365261524026054,0
132,1.1556799312092714,1.3504698037146705,0
133,1.6854393700131542,-1.3056947902289393,0
134,1.2482171746040764,0.5700684995668585,0
135,1.1908073239012824,-1.549612499480276,0
136,0.14648762611327396,1.3311821155064547,0
137,0.491031734664296,-1.320913507516831,0
138,1.4423587722941094,1.0239206494268014,0
139,1.956398887974804,-0.2184436622964557,0
140,2.2345855331197506,-0.3081043104961806,0
141,-0.6758832322291319,1.5435529693493184,0
142,-0.9474214283839123,1.2038967009111625,0
143,-1.8079890876607803,1.362220798859037,0
144,1.3719639535768586,0.40008854705756575,0
145,-1.7427563155785646,0.07001480286632393,0
146,-1.7485050120323928,-0.5764247215954051,0
147,-0.19238607551904036,1.5082629548125506,0
148,-1.7188522957629166,1.211820393977111,0
149,-1.2186540479209382,-1.7876027179967169,0
150,-0.5134650763081765,1.2825377857828137,0
151,1.3689596976098866,0.2982710792027825,0
152,-1.4406244400355595,0.24434406874596884,0
153,1.5682299131094426,-0.025989850944225946,0
154,-2.1073899121211297,-0.6856489237960718,0
155,2.142349413072975,0.3387528160068765,0
156,-1.9031526552723654,0.719367966803135,0
157,0.07761480957188605,-1.3717662353923448,0
158,1.7070571170795408,-0.9512877340974943,0
159,-1.009148342343316,-1.6580821387052276,0
160,-1.4699685875819177,1.1139344003173008,0
161,1.6302657900624142,-1.5171758572776792,0
162,2.2242559557664627,0.017268448183550215,0
163,-1.6358790578093096,-0.7156243899332672,0
164,1.020145306510617,1.7634705933815282,0
165,1.1896246771226016,1.6844778336224437,0
166,-1.6606105779578124,0.628891309451657,0
167,-1.673062240394458,-1.128029382216016,0
168,-0.870364568418641,-1.7838497063859093,0
169,1.491257743390379,-0.8717790719503703,0
170,0.9231389128978601,0.9604122176339133,0
171,-0.027965292001761188,1.442689018370178,0
172,0.9433454638634086,1.6005490967984148,0
173,0.3812005933818738,-2.1040858826137803,0
174,1.9216095339720816,-0.32485239929811827,0
175,-1.446043143361454,0.17113139481433448,0
176,0.8894588594107572,1.740805815087563,0
177,-1.0908773319462126,-1.672778743195342,0
178,0.5805915679514575,1.7062782180245266,0
179,1.3799670343154335,-0.16201226033709368,0
180,-1.403291777722676,0.1481425163575593,0
181,0.2816781824453199,1.3995403239947672,0
182,-1.4606349336157238,1.0375039932423504,0
183,1.3488118751818292,-1.5984100051079346,0
184,1.4536477472998937,0.9776930325498149,0
185,0.9233655333023425,-1.2929818675557474,0
186,-1.3558975049030857,0.42447220414509856,0
187,1.6715359339485432,1.3559634000994798,0
188,0.5210681037487074,-1.7878432708249228,0
189,-0.9060028120270471,-1.4141435559630677,0
190,0.2599692719421564,-1.324466165542895,0
191,-1.5801366473695226,-0.4916212090075997,0
192,-1.2798790662755277,-1.3890546156646548,0
193,1.5044171203345318,0.5320517929810904,0
194,0.6072697706886514,1.6149372909651367,0
195,1.009595742242226,1.4047645167567082,0
196,-0.12600189452878796,1.8014487016395948,0
197,-1.4923849051785492,-0.43384000184206034,0
198,1.2975173264479631,1.670038619944576,0
199,-0.545956770184172,1.4996101898442533,0
200,-0.712650153948162,1.3272651574085816,0
201,1.9784705724907228,-0.06530603816063153,0
202,-1.7269748477898326,-0.46926890022386614,0
203,1.453813642352754,0.2065647627597028,0
204,-2.1924027479178374,-0.6886533659975768,0
205,0.610188065739406,-1.975504962784713,0
206,-0.4512279758021127,1.8457764143217759,0
207,1.7406909924998704,0.278739457834425,0
208,1.5404452427765776,0.18281172234105003,0
209,1.5021213101990145,0.3548899896530536,0
210,-1.8170439242837055,0.6630061551879629,0
211,-1.391992905069489,-0.6336602540449804,0
212,-1.0507919534400911,-1.714739619936656,0
213,-2.1607051431883177,-0.1763831491546832,0
214,-1.5699064940694745,-0.9242267706891225,0
215,0.49609128735076263,-1.4243945491456276,0
216,-1.4971365664262617,-1.6037150061113774,0
217,1.9204477970523615,0.0011025238785095854,0
218,0.3152948239742911,1.5063210181549183,0
219,1.2639827675678634,0.3201784353332599,0
220,2.0908148010068106,-0.9567368114386753,0
221,1.043156444286416,1.9045799502112444,0
222,-0.17418782455502807,2.1905580543792893,0
223,0.7124795688686173,-1.4572276979206127,0
224,0.8737551279977448,-1.188541216346739,0
225,-0.9762009458158322,-1.528167519249375,0
226,-0.2631671728534351,-1.472333480694038,0
227,-0.5811858793426132,-1.5452022931497984,0
228,-1.4324643889243658,-0.5065149143283721,0
229,0.2564583232921431,-1.3694703821560628,0
230,0.9108973196673029,1.9402013411631012,0
231,1.6940856869280696,-1.4967419088570844,0
232,0.7157747664199511,2.130391241884069,0
233,-1.2743268328645574,1.2367427920183591,0
234,-1.4522015641282482,-1.5573760298404822,0
235,0.1603377637819421,1.9439940791031005,0
236,1.143344799175686,-1.5421236764508082,0
237,0.38658929589641106,-1.328378304643991,0
238,-1.4551183850501546,0.9739161064713013,0
239,1.2355150653574314,0.4999447430071777,0
240,1.526426776890833,-0.693721913266089,0
241,-1.3367910834389847,-0.6054566517927978,0
242,1.7765583877597173,-0.26850664216871356,0
243,-2.114773540374593,-0.8262822158793143,0
244,-0.8730997892040393,-0.9761543708436117,0
245,-0.2674540000970019,2.220355845903508,0
246,0.414401652981019,-1.6941012097341381,0
247,0.932174847172105,1.7518550102452528,0
248,0.6418534772975258,-1.508605828199546,0
249,-1.7352718732578094,0.04885615897473272,0
250,1.7095527926084022,-0.033431479392606336,0
251,1.050199151786686,-1.1732693691134872,0
252,-1.9802063082770458,-0.34971672311867846,0
253,-1.5023915517908573,-1.2088391981494595,0
254,1.6497076816332654,0.4050531258146674,0
255,0.31545784556181505,1.7143673240771442,0
256,-1.186653811737405,1.2416616236144262,0
257,1.3073750272856968,-0.6622917421007124,0
258,0.687114227884948,1.4273250001435984,0
259,-1.331133410330906,1.1932062733703632,0
260,0.95125870585149,-1.9093681138007608,0
261,-0.6859682388670834,1.8801284302956243,0
262,0.440968056476455,1.635421592876279,0
263,0.2319167107062244,1.8652018526888379,0
264,-1.4958387823321946,0.6947096257924772,0
265,1.4310017701371311,-1.6198756543765866,0
266,-0.08272491613561103,2.1435706990743255,0
267,0.3299029261673563,1.9313037452267003,0
268,-0.7754305047083905,-2.125746088563434,0
269,-0.15366502315767652,1.3250636858718456,0
270,0.2161559464086616,1.5812822133817364,0
271,1.1179782212875777,-1.7242556519489876,0
272,1.175679454253495,1.8519085816095735,0
273,0.6154261202045488,-1.3047890261800688,0
274,1.591140320686577,-0.2716129478510345,0
275,-1.0634609811479234,0.9748612880728031,0
276,0.08135523314406674,2.1546936681683966,0
277,1.7070192431564006,-0.6874527786542894,0
278,1.5551355144958583,-0.7197093697774656,0
279,1.7566581000044428,0.693495342841397,0
280,-0.19819825745069147,-1.3530210291579448,0
281,-1.6872492891846196,-0.6946964192319773,0
282,-1.3473768990273518,-0.8842621920034831,0
283,1.1910627323599683,-1.6663275590536586,0
284,-1.121228125827143,1.9459333960074514,0
285,-0.6354034141201105,1.800001907718543,0
286,-1.147989964201669,-0.7240295534320009,0
287,-1.775507560747038,0.8321137567032089,0
288,1.9708455489463603,-0.7195707502507203,0
289,0.888550755008404,1.2298109787516156,0
290,-1.1754553536220953,1.6949849202320426,0
291,-1.5386066428298628,-0.7684122888844426,0
292,-0.08664630402441285,-1.3510946613216221,0
293,1.8662618487274363,0.7479659870310161,0
294,-1.6641848712899434,-0.7856405112557443,0
295,1.0947670356732593,-1.1380722928732947,0
296,-0.2289790211231836,1.5409798154083587,0
297,1.914875050551502,-0.700857870780679,0
298,1.3479107029972646,0.4963698839828912,0
299,-1.416800881742696,0.7789329711999259,0
300,-0.5497275878460555,1.8888239535558466,0
301,2.116034731099322,-0.6065134348387952,0
302,-2.0609013680601684,0.4027018309569621,0
303,-1.2081810449952382,-1.1372741823161676,0
304,1.3608836934279396,-1.8244068478782127,0
305,0.5607252652709775,2.0471252330867995,0
306,0.6341013305262174,-1.6378462539182221,0
307,-0.49790480586865005,-1.5908442483542609,0
308,2.1227958316452686,-0.5046786108179788,0
309,-1.5505705188279735,-0.7905376820714992,0
310,-0.13643432932664148,-2.028113241399159,0
311,1.2612111217643256,-0.44476447968671023,0
312,0.26406684019129495,2.0254457893129345,0
313,1.525860607918877,-0.43013603027845565,0
314,-1.818772775092178,-0.027017338487818978,0
315,-0.26814171512525803,-1.933797387047692,0
316,-0.2613442295215308,1.720931631289931,0
317,1.6468136508190647,1.1553690076210748,0
318,0.3821643780636235,-1.5722771531273914,0
319,1.987021960189725,-0.3320877552036991,0
320,0.5134753691157596,1.9556725135749704,0
321,1.2182341676603528,-0.8008663235197382,0
322,2.023103973018738,0.6695560221780628,0
323,1.6580114682395577,1.2925414343552977,0
324,0.9713834313524427,-1.2664174423838672,0
325,1.3361633931704453,0.48603606276105665,0
326,-1.0058233447746174,1.3752219958883607,0
327,-1.9223513001396204,-1.086634028002899,0
328,0.3254646500904976,-1.8666845478313112,0
329,-1.1887617667563153,-1.4435567667697025,0
330,1.6385987029222175,-1.0014083402954197,0
331,-1.055284584035663,-1.5389204097900209,0
332,2.0666434213479645,-0.7289532051529801,0
333,1.753256868739378,1.4802548798432669,0
334,-0.21213607482882588,2.266543392401558,0
335,-0.29769745184206764,-1.6247427595023844,0
336,1.9129702448220376,1.1586239870004489,0
337,0.3873814473883642,-1.8208399699421023,0
338,1.579370078267277,0.13210549688575488,0
339,0.5564855763522787,-1.3004115363637365,0
340,-0.47998049657428066,1.6910792725738921,0
341,0.21072460697366208,-1.9125390301468388,0
342,-1.0094532195515828,-1.2995928757004283,0
343,1.6383202367855954,0.9361723218721918,0
344,-1.7779133734180488,-0.5647043570209362,0
345,-1.920429018110346,-0.017592762792218237,0
346,0.06310810284057367,-1.4640028208019016,0
347,1.4494207321878358,0.008913330317371447,0
348,-1.1457463496450173,-1.3881847039646422,0
349,-2.2184211303706163,-0.10805782518106637,0
350,0.9436940576070662,-1.0294409623507736,0
351,1.566272303375645,0.836886923020348,0
352,-1.4910611911363676,-0.6277256771047581,0
353,-2.0464498264599738,-0.08007140505947885,0
354,1.6890131434485622,-0.27619008372542414,0
355,-0.9804242571766512,1.41791187574137,0
356,-1.289246710885666,1.7227949135610958,0
357,1.25797296912358,1.9095666712044448,0
358,0.20171759510325427,1.5705569598175393,0
359,-0.6327186879479013,-1.4542294456722886,0
360,0.27256364574599523,-1.6707353918084726,0
361,-2.003638914988249,0.2723518853877852,0
362,1.9024276090686216,-0.01490180802361161,0
363,-1.1161416074265977,1.6700391891030304,0
364,-1.357894815035306,-0.8391929092916299,0
365,-0.1256623867944078,1.5771087391636276,0
366,1.3877936385574619,1.3242214911966663,0
367,1.1486502303204231,0.8077501370063792,0
368,-1.9417926423486118,-0.39579921604467344,0
369,-1.5488889240316817,1.1656566708086946,0
370,0.15514894871773424,-1.6119119814276701,0
371,-0.123501807409681,1.3017184368333838,0
372,1.6110877180425724,0.6571839296216719,0
373,-0.5931617218262764,1.4840712425180842,0
374,0.02836242133356306,-1.4187467211851412,0
375,-0.7078327623544602,1.3767361310309636,0
376,-1.370381026699254,-0.1203378743776182,0
377,-0.7853848181990365,-1.9338639306039667,0
378,-1.1401617144039595,-1.8622161192191842,0
379,1.4718733280619025,-0.015451273839409356,0
380,-0.484376346611818,1.8944285268046945,0
381,-1.3804409763542544,-0.6675586425356068,0
382,-0.06154166353349881,2.045760968513569,0
383,-0.808084953173014,2.0395604076029703,0
384,-1.1400661536983705,-0.9082733173818562,0
385,-1.3391341197301236,1.2758572031497908,0
386,0.7496401678564476,2.0269353813826956,0
387,1.6810423603651565,0.47761164975593495,0
388,1.3596936432855717,1.113882678405287,0
389,1.6348436178586596,0.1713250783448203,0
390,2.0204038828115913,-0.5800081559051616,0
391,0.8570548307423951,1.8834900045025964,0
392,-0.6376007931952896,2.0179712727557697,0
393,-1.2888459211625833,0.29869387051545404,0
394,1.5810181529677239,1.282428477229886,0
395,-1.12525074294908,-1.9875168664405587,0
396,0.8237847519500305,1.9048696193510288,0
397,0.4180490115335789,1.7488641492391073,0
398,-1.8081636802653143,-0.8246757564810517,0
399,-0.7104521456591111,1.621928351318256,0
400,2.070524871861229,-0.9470352920230405,0
401,-1.4481313528430115,1.1846416697042643,0
402,-1.83489792118697,0.4749639912994087,0
403,-0.2245314156050849,1.3101074395160386,0
404,1.6039990664701662,-1.4515571650548451,0
405,0.5292286690502763,1.6924338218470518,0
406,1.8860139813561074,-0.6031261156573781,0
407,0.960127479877695,1.6713248370715206,0
408,0.506130073346315,2.0980428729126883,0
409,-1.4770308009527184,-0.5271374566611073,0
410,1.473433682869314,-0.7119199268277827,0
411,-2.032281473109548,0.5992781895275795,0
412,0.6564891507877764,2.1278979963546925,0
413,0.8924328519509642,1.1507819724664836,0
414,-0.8157063272124366,-1.791241892904979,0
415,1.4710820413973325,-0.16351305877950786,0
416,1.069822444430548,-1.6976635994424714,0
417,0.30316395233578275,-2.2178590155055473,0
418,1.4822454002595342,1.1039486869034594,0
419,1.310066079269612,-0.7234253022311258,0
420,0.2122624075692837,2.2202810589966657,0
421,-0.5894456574512996,1.5387958076797668,0
422,1.4546099430095014,0.28927534975834696,0
423,-0.7582567189308209,1.148968668487846,0
424,1.3767723882697407,-1.4170083969445495,0
425,0.46899720328335975,-1.5335709644070012,0
426,1.3387453491488002,1.7830772373653891,0
427,-0.3554826579415899,-1.4439059781890906,0
428,-0.2673362216254028,1.5086615670666,0
429,1.4598954289617463,0.24640415604738694,0
430,-1.5104747150348312,1.6638791094347871,0
431,-1.0387595201810926,-1.4276797027663244,0
432,-1.8695183248343143,0.1696568918507159,0
433,-2.1400731745250785,0.39373128614952163,0
434,-1.148557254756001,0.8930403650876527,0
435,-0.2515275744877195,1.5987987650970523,0
436,1.501511456329812,-0.3329103912570237,0
437,-0.8053878895495707,1.0537465010818474,0
438,-2.199445302805533,0.30493171865583146,0
439,1.5400089287233145,1.6615916631172598,0
440,0.2556079489083731,-1.456553878454674,0
441,0.8668947761959344,-1.685528297168959,0
442,0.9715827241465295,1.162922319992132,0
443,-1.3640904805860798,-1.0278221243989343,0
444,0.17151212632696702,-1.3573465307684494,0
445,-0.4896864804912405,2.0849017727765005,0
446,-1.2957574088560786,1.5228969241369805,0
447,-0.6455496434413593,1.5738006273530525,0
448,-1.201187836140614,-1.8853066541215286,0
449,2.009387388221836,0.27688502552723104,0
450,-1.5050735502323267,1.5370679579219064,0
451,-1.5843411652386232,-1.0732604104361896,0
452,-0.4341782536181846,-1.562384511470213,0
453,-0.2554359683236388,2.026526124208186,0
454,1.2364926077591882,-1.1757602143871202,0
455,0.6258108365331659,2.1787245417338847,0
456,-1.3155724074205362,0.5743200445424681,0
457,1.9702838266299698,-0.09935151931515894,0
458,-1.6924938290727645,-0.919944318164583,0
459,-1.5297799335166407,-0.6035729346630861,0
460,-0.30770542373263843,1.2950359050033493,0
461,-1.4920144115636702,0.3099079997345083,0
462,1.0272170901299051,-1.0634535509152383,0
463,0.4487108702307342,-1.5392644381594918,0
464,1.0581634517309275,0.8373566098246124,0
465,1.2145042332762017,1.6281198808636836,0
466,-2.1538434906266475,0.42761356868247713,0
467,-1.258305158956429,0.5134832287173424,0
468,-2.1655132170300297,0.5932634156597002,0
469,1.8885714644278053,1.1157615248305057,0
470,-1.5532060864456176,-0.36569574415425316,0
471,-1.1352761023332396,1.2133870868476662,0
472,1.0989837275505838,-1.8670218700524779,0
473,1.4019264949597738,-0.43526451713924325,0
474,0.5599658354602303,-1.564573629254327,0
475,-1.5135796238021038,0.35014288842200664,0
476,-1.7202201715790655,-0.5400300079798354,0
477,1.751007019663155,0.7113685185257109,0
478,-1.4482920031386155,-0.5461984587006208,0
479,-1.063437607458096,0.8794811998735522,0
480,0.7389258689784581,1.1003533093626454,0
481,-1.0801947346349152,-1.0218765005022437,0
482,1.7040317516189216,0.5274364376555587,0
483,-1.7159424421039056,-0.606153396315698,0
484,0.4482737208317643,2.054659548367872,0
485,1.9473365708068051,-0.4536613455392489,0
486,-1.2078052425747379,-0.6310157264102445,0
487,0.37844553024902183,1.830674055463021,0
488,-0.6023415864597546,-1.504408813479376,0
489,-1.4610108293121509,0.28927428747680684,0
490,-0.13643972825128378,-1.7674414985876872,0
491,0.6197685227792908,-1.5592669263432455,0
492,-0.4496381462277045,-1.7698035351986992,0
493,1.4304952707541791,0.15420277441002167,0
494,-0.8973239471696054,-1.715640247236433,0
495,1.3161633673726358,-1.6858735572463848,0
496,1.1190693438469759,1.1987157856978798,0
497,-1.560022069098935,-0.4658627261466371,0
498,0.6020069144029121,1.2616612309886666,0
499,-2.1643009264229387,0.17125985509600414,0
500,-0.6147349836235354,0.46756158089745337,1
501,0.020285176404429096,0.6547610356444207,1
502,-0.10173927555905965,0.1458699151002239,1
503,-0.11950308494782672,-0.2872789759019649,1
504,-0.6391946392741557,-0.5036304627679873,1
505,0.03894792232737976,0.005163448893422657,1
506,-0.07233738820469035,-0.7068498005778829,1
507,-0.35660284888518934,0.014945011791656108,1
508,0.012704040730939092,-0.14841944827604903,1
509,0.8487433107946002,-0.435459764964012,1
510,-0.6882190102353607,-0.5002113862127812,1
511,-0.5957472691541618,0.306021635993863,1
512,-0.7714990619005327,0.5770842241428847,1
513,-0.12794553687302138,0.15261709583175592,1
514,0.031551661019298585,-0.15851717160590434,1
515,0.3336942282063937,-0.13631911026455085,1
516,0.32347656150266174,-0.18524867405729742,1
517,0.003876649573542085,0.014876914889531835,1
518,0.48355379503161805,0.04126623314617394,1
519,0.8532440437017045,0.3206371690542309,1
520,0.9325802077966363,0.20032606893907445,1
521,0.22291914874749427,-0.018178832673005834,1
522,0.15557360925472807,-0.7887819769730117,1
523,-0.5357861902100794,-0.23377138269676007,1
524,-0.14208666820214685,0.11883622004969067,1
525,0.47247982448904285,0.2081479461394993,1
526,-0.03452426482818129,-0.8983290189424749,1
527,0.10337868978466877,-0.043375393806391944,1
528,-0.2637260972961236,0.053312293006447256,1
529,0.22054412614008365,-0.8996741361613649,1
530,-0.835825911293083,0.18047482352082228,1
531,0.18546965757492484,0.8147454014541767,1
532,-0.16062087309115353,-0.5175098520984007,1
533,-0.033050506651259984,-0.14174472503732757,1
534,0.23438112852637785,0.10403242817506582,1
535,0.6316597997981934,-0.6244970128913152,1
536,0.46172225618584245,0.1676814320617105,1
537,0.010794934022679632,-0.9866840960227686,1
538,-0.7345331016025495,-0.411374608502927,1
539,0.38925785864093526,-0.3783050662168292,1
540,0.4643716991501697,-0.16501472847475526,1
541,0.24371957992830545,-0.40829617814255115,1
542,0.03959094632128809,-0.5375498652024232,1
543,0.21113638348247024,0.3651400473135756,1
544,-0.9044161646911211,0.0836367812357482,1
545,-0.3764960543263858,-0.23212791263787275,1
546,-0.03694402459164277,-0.2579865045297189,1
547,-0.36521353498841685,-0.08831474027214227,1
548,-0.2208015418046693,-0.34545687854175616,1
549,0.07360100027412739,-0.013105163382690523,1
550,0.25691813457761425,0.42472613033771606,1
551,-0.23258371201839056,0.7475631952909972,1
552,-0.0027439514268210886,-0.2796741739988257,1
553,0.4854792185825989,-0.2479568134169171,1
554,-0.6756186106821249,0.5344576331442769,1
555,-0.465983707023715,-0.3201078781316824,1
556,0.46081614474694155,-0.45350419238219913,1
557,0.5379192366309421,0.05563128985827471,1
558,-0.19614968351801668,-0.34290150937139274,1
559,0.32751601859212914,0.6961294181301184,1
560,0.4395312207773287,0.8085893022741394,1
561,0.04069049245547679,0.019404002002623755,1
562,0.28558876279145523,0.005380706920356003,1
563,0.3985227663562223,-0.3354311443948595,1
564,-0.3295792334153505,-0.36262288601875786,1
565,0.3937311206669338,-0.29183718984759155,1
566,-0.024700914044109137,0.0031292553996294433,1
567,0.07991693698124404,0.37674599493559924,1
568,0.247218863249871,-0.7732507439488745,1
569,0.25320844093567996,0.7681421037982447,1
570,-0.1563205559248641,0.6587657430306384,1
571,0.0648819478479308,0.005099119177423566,1
572,-0.04949749337600401,-0.10870094772539106,1
573,-0.5088574078691489,-0.60128193425796,1
574,-0.0422415562611786,-0.2731952391976997,1
575,-0.8617933858191886,-0.20787025860745123,1
576,-0.5334831490925228,0.679539451836104,1
577,-0.750366894905106,0.13639842822063342,1
578,-0.03787879561300801,-0.1863353489051169,1
579,0.30234802950756723,0.20937892620090584,1
580,0.2866681662495226,0.583626787758437,1
581,-0.015187792418023061,0.05131372568290962,1
582,-0.34983381759260057,0.8687642289268194,1
583,0.7925730086121098,0.21645122230414993,1
584,0.2538189826626012,0.5898189807095371,1
585,0.38991596096610814,-0.1631507308001092,1
586,0.3823720116839031,-0.010069375979783718,1
587,-0.01279544243844751,-0.10286172309346096,1
588,0.10398146559827427,0.07091918773291277,1
589,0.1500668470008568,0.12195244253520873,1
590,0.7405792391068603,-0.5997893926035057,1
591,0.07311853162298683,0.20380117529520986,1
592,-0.17654019172870747,-0.601570500124766,1
593,-0.4668680963282006,0.04971846369142771,1
594,-0.2703793199280666,0.26934899704322013,1
595,-0.2500529944883386,-0.7387356249271163,1
596,0.3491136404143749,-0.2778733087354527,1
597,-0.647665346130526,0.7057666295244716,1
598,-0.48611881499585197,-0.06455553088637704,1
599,-0.3485956315712056,0.5052064929057327,1
600,-0.3877038135638444,0.2119075879085027,1
601,0.4808093739303679,-0.19239686018943875,1
602,0.2088607690015448,-0.23533996119752973,1
603,0.6681612715261087,-0.12478790422902776,1
604,-0.16524006059496366,-0.47752962077162453,1
605,0.11068080319162406,-0.029381214958089513,1
606,-0.22728971983722357,0.027900659667721855,1
607,-0.4508964856345717,-0.5295556516685788,1
608,-0.3736238831133274,0.2727018002216133,1
609,-0.6539179289300113,0.6259035344435206,1
610,-0.32434828656737535,-0.31160603135343495,1
611,0.10234652765712918,-0.17654494342920343,1
612,0.1981659037173554,0.5804912002436159,1
613,-0.7645380192868291,0.0683805144344535,1
614,0.5955158914577268,-0.03747683583233219,1
615,-0.26022376673346964,-0.11674982633211042,1
616,0.212065806251015,0.7677270549914558,1
617,-0.16479344627769754,-0.15488668859093907,1
618,0.3928115906472869,0.8851976198983468,1
619,0.3380971625310287,0.8729449661617805,1
620,0.32737614480041954,0.221181546216366,1
621,0.19169010571725428,-0.17312789903555365,1
622,-0.0825914742854531,0.11512867923272671,1
623,0.7264707151718106,0.045974992968730755,1
624,0.006256400800128192,0.11761582903359216,1
625,0.014338650740401878,-0.17112347417503468,1
626,-0.0017288575361181053,-0.0445012616632805,1
627,0.0972697830215843,0.7088811194878882,1
628,0.7027488095961892,0.5818697078646664,1
629,-0.28530421284816865,0.2966002280557405,1
630,-0.09916442259095122,-0.7700971882650385,1
631,-0.1631252021842073,-0.5349117899991378,1
632,0.10956471845754193,-0.17138475862925082,1
633,-0.0763283413300026,-0.22994544426649627,1
634,0.8334419995514025,0.43568892717378593,1
635,0.5144883678390947,-0.18149558657900947,1
636,-0.17290854273357592,-0.03524083555053603,1
637,-0.17241040599013707,0.4923281863147869,1
638,-0.17051020068370382,-0.6654624752305471,1
639,-0.3087733822777093,0.6405965474002341,1
640,0.8338088498300826,-0.010254851369313691,1
641,0.41400257655936223,-0.09752920713345772,1
642,-0.7780388816968941,-0.3967576324755086,1
643,0.8192245615749996,-0.2778668767939562,1
644,0.4521531997553511,-0.15220833057246216,1
645,-0.5876990853846255,-0.38683222381226495,1
646,0.22280627194246627,-0.4231353007942962,1
647,-0.05802894867464217,0.8751450949103889,1
648,-0.28080110935196295,-0.5141749863882655,1
649,0.3253533284479957,0.2508695687081879,1
650,-0.04207600003583364,0.13656404850088644,1
651,0.19125526576065474,0.011321518113114895,1
652,-0.16201089648299644,0.1568282411774778,1
653,0.03809674174788301,-0.7508892563704727,1
654,-0.10744000108863021,0.961931642566674,1
655,-0.024801854656444206,-0.25646876867057905,1
656,0.2636580023343013,-0.016271770035997328,1
657,0.03384427600470801,0.9130436597641195,1
658,-0.1575476940428977,-0.39196607215828844,1
659,0.5038626121436194,0.6035661994375947,1
660,-0.057113823507999484,-0.0013278703247913417,1
661,-0.09139271063268485,-0.03809734127356533,1
662,-0.4705253102225773,0.49149857693362975,1
663,-0.008369539674307369,-0.36509059073288075,1
664,0.5572597749709509,-0.014273841350782293,1
665,-0.0506871408763896,-0.6057216924684359,1
666,-0.18567414003622823,0.01399839562802226,1
667,0.12063270036198065,-0.49603265636910754,1
668,-0.12602373165301234,0.6161116385408648,1
669,-0.35501411868754496,-0.2409281206754704,1
670,0.7348985484745097,-0.11802116027508931,1
671,0.29029087951793764,-0.6194077580168759,1
672,-0.2078607727640668,0.4143170881452924,1
673,0.3019974436569681,-0.04277779481294521,1
674,0.18065614803676605,-0.09271323153078484,1
675,0.003081239921304237,0.02122859678858464,1
676,-0.461863547269637,0.3182105787054649,1
677,0.061555034605441136,-0.03811046101253594,1
678,-0.22476859675508615,0.2897999204959403,1
679,0.14411787201056264,0.12946039105725032,1
680,0.8931921967732745,0.07388731518630946,1
681,-0.2903703476230218,0.33085982807689446,1
682,-0.08653602457667182,0.26693998037517547,1
683,0.056478813164805235,-0.029055365106129907,1
684,0.2387038933599637,0.04208271793779844,1
685,0.058777553586921535,0.03089129097799753,1
686,0.40774240420473956,0.8582370610083604,1
687,0.017135276184428557,0.003572215344277741,1
688,-0.18614669316759364,-0.1354580048134818,1
689,0.7236238088846434,-0.4001639779109128,1
690,0.6577460102388439,-0.6178935088023982,1
691,-0.7010767755373839,0.49022738601791566,1
692,0.21299775480484584,0.15899369967405874,1
693,0.5835674977885521,-0.0005195845363288121,1
694,0.06970846771851877,0.9241948754175777,1
695,0.550346339378091,-0.11776615078113488,1
696,0.3016835156308549,-0.5645246226257495,1
697,-0.31976160897330974,-0.5201926122146997,1
698,0.9203836056073341,-0.13803648536857815,1
699,-0.4272488188626554,0.0969787336438677,1
700,-0.07690717840699617,-0.2508579564822677,1
701,0.10936625024207945,0.8268933142745207,1
702,0.0699868724600286,-0.12541466094396525,1
703,-0.40447728716219156,0.680768667939762,1
704,0.09329310361117012,0.015553721139856634,1
705,-0.6051893770193076,-0.24044867319113222,1
706,-0.7967307412783892,-0.3996936855089412,1
707,0.9655520946911854,-0.18827081845721333,1
708,0.09554836148063575,-0.10470421678325119,1
709,0.6050119806088138,0.5331230434026077,1
710,0.8718178273996062,-0.13665085505943075,1
711,-0.4777746468191354,-0.5802086722263488,1
712,0.1309709026880227,-0.5023954389336873,1
713,-0.6501430849345345,0.29763759912316967,1
714,0.9525964787088215,-0.2996569625296774,1
715,-0.09846266987720627,0.4129609617134009,1
716,0.6531365095751753,0.35907242959507363,1
717,0.12846871170143448,-0.024938844349918225,1
718,-0.39326690886402726,0.053468856177160975,1
719,0.20508699498066535,-0.06690666987137375,1
720,0.0712433992932904,-0.06983514337934232,1
721,0.043244714950275744,-0.10283818603231146,1
722,-0.23448933561159926,-0.10468896992777232,1
723,0.8972442664200517,0.38407955567292523,1
724,0.7630516177673292,0.4688593310256914,1
725,0.0451995642886042,-0.34723229011674256,1
726,-0.006714687827772406,-0.10636744283738625,1
727,0.035880597070523344,0.4517376551210385,1
728,-0.2549506364229959,-0.4397556439857144,1
729,0.1921138048194467,0.07324264583203154,1
730,-0.28660488444768023,-0.8453645022305876,1
731,-0.10924782006649082,0.10084608748024089,1
732,0.47806422187722025,0.07963123045549732,1
733,-0.39728632648972556,0.11946322995240627,1
734,0.6373150421186442,-0.20437261909700985,1
735,-0.03449754945903485,0.6543339018358661,1
736,0.1258876048962451,-0.005324311172938765,1
737,-0.6597799366460718,-0.17124245271331837,1
738,0.8030759201666873,-0.5245370149843682,1
739,-0.05632510062692621,-0.455445684794343,1
740,0.24816419236326206,0.09142855674237095,1
741,-0.23928300316729728,-0.0286871537856581,1
742,-0.010653415628418818,-0.559823205879922,1
743,-0.8274148530844297,-0.32537343403924307,1
744,-0.470193552790179,-0.09151589744684076,1
745,0.5335086578351558,0.44600388362969134,1
746,-0.005877045988441689,0.0487573771950244,1
747,0.8433892509452465,0.5099285513834646,1
748,-0.016461391785341017,-0.019202389245601664,1
749,0.08357589482630774,0.9284439187822398,1
750,0.049303591771739784,-0.10058490690872121,1
751,0.5652728458623394,0.7104762740430749,1
752,-0.1849304873249049,-0.22838597368896973,1
753,0.04691936994099565,-0.3325355678858916,1
754,-0.6320020978399064,-0.6975744999871102,1
755,-0.029392363982216466,0.2801091611582821,1
756,0.6894701647135631,-0.12779626850242015,1
757,0.7966185981449843,-0.14707471711020562,1
758,-0.7097414669107742,0.1817350935997497,1
759,0.07777700135292356,-0.1196074538682056,1
760,-0.4026029971074697,-0.6506851154926047,1
761,-0.7959011172393153,0.5884273609129095,1
762,0.006400168964228836,-0.01340294611838624,1
763,0.5137259893971138,0.824723090461175,1
764,-0.8327642844409678,0.009491673766067379,1
765,0.2161770248660335,0.011446754083869979,1
766,0.4200825674297479,0.21599767181383672,1
767,0.9478556284048367,0.2576975405577987,1
768,-0.23470871537193108,-0.07381464082215743,1
769,-0.03282934526560209,0.7152290150148237,1
770,0.84706559235866,0.055735231988923446,1
771,-0.19926113194193293,-0.23999310163342447,1
772,0.005142809627457144,0.06093725291081848,1
773,0.6951227236727506,-0.5193776027217293,1
774,0.3633333671375659,-0.15474449111308405,1
775,-0.5034571014939245,-0.6959849491125545,1
776,0.7139905056818893,0.42476376406086996,1
777,0.03908221786149238,-0.16272633542942314,1
778,0.575718969238429,-0.15216395496073723,1
779,0.7251350711915882,0.2680947765119078,1
780,-0.23484983021983333,0.43188310869134405,1
781,0.2589749375270852,-0.028071395868634462,1
782,0.08213721560275627,-0.29135019032453585,1
783,-0.43273853794619227,-0.6601555972955576,1
784,0.32755670347383176,-0.3246330421247407,1
785,-0.144117578993578,-0.05139464572592106,1
786,-0.15788665099653118,-0.16440877616051683,1
787,0.23609546054454328,-0.8290896384983827,1
788,0.012883265804625737,-0.17220068350165077,1
789,-0.20837501942446182,0.0325559401547453,1
790,0.02524526145811085,-0.4859121250309979,1
791,0.23441197242373402,-0.08517286525911301,1
792,0.05221243138664929,0.9019007662795219,1
793,-0.9481011000830168,-0.2435518055637764,1
794,0.2836005333500741,0.10467471560363525,1
795,0.3509869034821693,-0.19165467800542407,1
796,0.03753727392902308,-0.07485251615649727,1
797,-0.055032358301127605,-0.6079440920282858,1
798,0.471365872925431,0.33114847785302914,1
799,0.2930932149536232,-0.15779113983937632,1
800,0.02536845858557162,-0.138922336433936,1
801,-0.03520373603198649,-0.005000494133108024,1
802,-0.35042163182445646,0.3112155500657682,1
803,0.2799001312358455,0.02091349054798532,1
804,-0.30193750294323024,0.6086082277906324,1
805,0.06484530115773804,-0.20646814317819892,1
806,-0.0936339377528702,-0.3408628910577277,1
807,-0.4060673511316319,-0.22698655919095953,1
808,0.013595490133375136,-0.10735165599895945,1
809,0.2530568984938156,0.24667856738433425,1
810,0.4127374092810704,-0.2509823093975104,1
811,-0.5214405677048454,0.13218929179770142,1
812,-0.59448882794258,0.503851199513759,1
813,0.1372588078136818,-0.8828543710079576,1
814,-0.9740558426918882,-0.06681304226715824,1
815,0.21566516449577644,0.31421168402154287,1
816,-0.1674481446773218,0.5339666305933392,1
817,0.38836001864874214,-0.4144497465195946,1
818,-0.606058976949769,0.3982926173245165,1
819,0.9220523644200785,-0.2645666659537619,1
820,-0.16858303648568376,-0.08427794386260068,1
821,0.0621426577885874,0.6990773374995695,1
822,0.049534374271247156,-0.08200371726342952,1
823,0.12823810654287934,-0.7560108578757136,1
824,-0.1577720176963442,0.8717098254146771,1
825,-0.14984321696193093,0.06840080574800603,1
826,-0.32416047179277746,-0.024039470133486084,1
827,0.4188637370303178,-0.7561005197888059,1
828,-0.3241049496322399,0.903334398784302,1
829,0.8624895988461141,0.39440298769574306,1
830,0.2231386314399172,-0.20805468186868956,1
831,0.06027545758008068,0.17840489599663814,1
832,0.9266564316779314,-0.2635452882076891,1
833,-0.5295266541282412,-0.15931983318668355,1
834,0.12438825841693175,-0.7797790573336542,1
835,-0.6085589971693015,0.5058827907608793,1
836,-0.1606091056236557,-0.021639317849825028,1
837,0.3957062024755369,-0.651827339865855,1
838,0.0389886149206292,-0.040614992874155154,1
839,-0.29612618810144853,-0.20623714838730717,1
840,-0.41606438641535376,-0.5394020655131972,1
841,-0.8527887587813844,0.17184703720562192,1
842,0.17470513032380333,0.012528684247783198,1
843,0.008102544894466435,-0.06906236243217778,1
844,0.6021780323654522,-0.7817890754036492,1
845,-0.09195456665466989,0.0004328486299965799,1
846,-0.3428679407491006,-0.7102514615557983,1
847,-0.14641496180300584,0.5751527440449031,1
848,0.6896394177872142,-0.054055761379039974,1
849,0.38342228836429226,-0.7273362983706225,1
850,-0.15225288818437743,-0.4987234886651805,1
851,-0.5225003134947498,0.44368070300279006,1
852,0.027017932920181273,-0.13850827688600073,1
853,-0.8990458640507271,-0.30057115714524363,1
854,-0.032961103466186414,-0.029147881733371073,1
855,0.25103737830518696,0.06143625149807192,1
856,0.1015636688254058,0.797296805490988,1
857,0.003935375148363033,0.004900537949175143,1
858,0.12360784613787572,0.14728821369578696,1
859,0.45538038617834115,-0.24323541691795114,1
860,-0.5473220920730151,0.2626529005720188,1
861,0.5361079356143668,0.2471323004278653,1
862,-0.045372222520770174,0.31039235112647495,1
863,0.29947755582670366,0.21767020320353309,1
864,-0.2537915557243286,0.17264862224458163,1
865,-0.5080554377178056,0.3446506179732872,1
866,-0.3676441857209291,0.3167788197886721,1
867,0.07889307680151988,0.24999011644303604,1
868,-0.35272608711293807,0.7102984873805401,1
869,0.4088893857045612,-0.0888158832492362,1
870,0.6585509964195517,-0.16397007647286085,1
871,0.7673616329985234,-0.37541696810299713,1
872,0.05991542043104235,-0.002938815540185144,1
873,-0.008609343269908934,-0.13444366441316613,1
874,0.046850245072342374,-0.04894072687953598,1
875,0.7728731268290598,0.33941815067613534,1
876,-0.389446878316657,0.07139567028443042,1
877,0.3332532315787679,-0.725857546447419,1
878,-0.38617683301701794,-0.7171855769707097,1
879,0.6006132299463601,0.02787579066206044,1
880,-0.10116466151666811,-0.16435358845797174,1
881,0.008713497088388204,0.061132327342442144,1
882,0.4843586014428851,-0.31557357325624236,1
883,0.7569012230924813,0.6105261331390521,1
884,-0.01745757600598059,-0.30209767799897197,1
885,0.6355234844885215,-0.3040833139202867,1
886,-0.5285911476945823,-0.3306976412065443,1
887,0.4003443692694111,-0.0904853258146459,1
888,-0.9108099011068423,0.4076543955191129,1
889,-0.422894763394958,-0.771932368042631,1
890,0.2483316310786143,-0.000774808774865874,1
891,-0.29182890006412127,0.07248914424815571,1
892,-0.21549216566927562,0.5238548970584291,1
893,-0.10340308317761342,0.03620885529197919,1
894,-0.011758533490059196,-0.08741135780525665,1
895,0.02322432016473611,0.16478004073007457,1
896,-0.06412364464841863,-0.018399214901214225,1
897,-0.03082486877485809,0.04792872489328251,1
898,-0.172571652859192,0.32420277495315586,1
899,0.11547374537075186,-0.16731089693384024,1
900,0.28697944054221647,0.3977999757093586,1
901,0.07027526054610987,-0.3176814065462821,1
902,-0.1833962710844419,-0.4748566190356821,1
903,-0.2282568211911366,-0.9086056684391748,1
904,-0.051129168833162875,-0.8944466860355995,1
905,-0.5734609855193531,-0.573616522465653,1
906,0.580025952892077,0.4285130307276418,1
907,-0.23453766593746223,0.17535923138977885,1
908,-0.12714574400081763,-0.5035036919321594,1
909,-0.3686529852685014,0.45983732116588383,1
910,-0.5273137804425122,-0.8425085858218414,1
911,0.05357990376430749,0.6050568393638809,1
912,0.40715800094370175,0.5440073056655818,1
913,-0.03873175420501482,0.48142899851950777,1
914,0.018654800285089177,0.055877951840793166,1
915,-0.31404528999445774,0.3710724123561121,1
916,-0.3447601193930632,0.8569156952153858,1
917,-0.12204362392599466,-0.07387691394357741,1
918,0.020630531700262324,-0.6247908654238703,1
919,0.41006610080652994,-0.21411137064100075,1
920,0.0020096446368026103,-0.4186626790706857,1
921,0.2649638102978515,-0.8263801416963307,1
922,0.4327337847279222,-0.5955569166528342,1
923,-0.3186569903142816,-0.33068324783340813,1
924,0.002783712408841263,-0.004256028603902759,1
925,0.04535355344821233,0.8177368135688173,1
926,0.1209819007163595,0.5098209960427016,1
927,0.08289112759837927,0.6611356351974982,1
928,-0.11787121479542782,0.23171193308866495,1
929,0.06067929516239351,0.16514951296906852,1
930,-0.31315896014141353,-0.18369737063491956,1
931,-0.1845778152405044,-0.4262912816366018,1
932,-0.0794836733881621,-0.5259388662819809,1
933,0.3123244281653501,-0.11196431922485464,1
934,0.4148796093742353,-0.466433440553767,1
935,-0.4622970452914876,0.7227990960245597,1
936,0.15272951177664437,0.004492947072905644,1
937,0.06638193174359196,-0.795990132761966,1
938,-0.4808344754441301,0.7833163195675945,1
939,0.49605920991421837,-0.18907293953346585,1
940,-0.24971817958230022,-0.24714893746185898,1
941,0.08246884188639558,0.8400075936011037,1
942,0.8444793919331588,-0.15060567529241234,1
943,-0.0860856289788112,-0.08929050294521941,1
944,-0.2724037963410704,-0.8783059041301626,1
945,0.4244577286302715,-0.2284193181920468,1
946,-0.1553815544774931,0.8669881339352329,1
947,0.0008506410545433325,-0.15520169133926748,1
948,0.8383825813283846,0.0010374954269481863,1
949,-0.18685727001706584,-0.6883140401118756,1
950,0.015196238113972008,2.714502003302866e-05,1
951,-0.2817761507055358,0.5290846036178691,1
952,0.011611079942078552,0.018420896323902827,1
953,-0.37682653194572746,0.37059346972734436,1
954,-0.14722192391665942,-0.024159098441916212,1
955,-0.06975174794519834,-0.12017268430164199,1
956,-0.6266911642138295,0.47749792278750275,1
957,0.2908567742695311,-0.23430962133505323,1
958,0.17658425108544606,0.062191536326808114,1
959,0.033338181215099856,-0.7664507775271427,1
960,-0.022448799610309933,0.9829548498293387,1
961,0.5442269239797777,0.2917754301642672,1
962,-0.1124310156523977,0.009278221765055572,1
963,0.08276077491952155,0.2661503399817906,1
964,0.364187797546385,-0.382435898591541,1
965,-0.46302131663934637,0.6779382453412506,1
966,0.3759543557098807,0.08386837051203613,1
967,0.4306013880197218,-0.1296067114229763,1
968,0.1523748669418612,-0.9766440454043552,1
969,0.11166190168718458,-0.05900310460581317,1
970,-0.8057426160146097,-0.3826619448168417,1
971,0.2982294705752941,-0.061541468570746834,1
972,-0.2934274773169719,0.2754113194275529,1
973,0.7605741787044757,0.07207620146596756,1
974,-0.04367757966496804,-0.09416852528752452,1
975,0.24390176490966367,0.5499517297953619,1
976,-0.5924369303510323,-0.0393052365067547,1
977,0.6067047630642656,0.15559196722466087,1
978,-0.03513453961280186,0.09589358256179656,1
979,0.14161800354542103,0.40730881950312775,1
980,0.03961609737822877,0.6900104616802916,1
981,0.06756651042560097,0.8466804854685874,1
982,0.21466911804973896,-0.7002751615387183,1
983,-0.428246178436699,-0.05903454483154417,1
984,0.000833766028706723,-0.011087132715901511,1
985,0.024617978986328837,0.6512108323812955,1
986,0.6901754269334619,-0.03343387316743897,1
987,-0.7456453425489338,-0.6412119424214685,1
988,0.007804641007314714,0.05600818877462072,1
989,0.8106165878675392,-0.33584903586206616,1
990,-0.020432153930227775,0.7788599599634654,1
991,0.6401353182992594,0.33023607140501965,1
992,0.005773937903587531,7.674910869547125e-05,1
993,0.43132567532520155,0.4988529159408749,1
994,-0.7616215978859959,0.41772949052975233,1
995,0.31322481407985125,0.43212769350404495,1
996,-0.3093105688583949,0.08867233055256873,1
997,-0.20512216909292175,-0.09378064602920635,1
998,0.2823866436527325,-0.12263450687521216,1
999,-0.9374805622638361,0.11877524769199814,1
